fnumber,label,accuracy,left x,top y,width,height
1,KIA,100,15,262,28,31
1,KIA,100,54,234,23,29
1,KIA,100,91,211,17,27
1,KIA,91,119,188,20,26
1,KIA,79,148,170,14,22
1,JACOBS_CREEK,100,165,22,71,38
1,KIA,88,169,153,16,25
1,JACOBS_CREEK,100,258,18,76,38
1,IBM,100,282,91,39,18
1,FLY_EMIRATES,100,356,20,73,31
1,KIA,100,398,228,43,21
1,KIA,100,459,18,70,38
1,MELBOURNE,100,505,528,264,28
1,KIA,100,556,18,68,39
1,KIA,100,652,19,68,37
1,KIA,100,750,18,68,38
1,KIA,100,835,231,42,20
1,ANZ,100,853,17,96,35
1,ANZ,100,965,20,93,37
1,ROLEX,100,991,71,22,16
1,FLY_EMIRATES,100,1078,29,68,35
1,KIA,100,1109,159,20,25
1,KIA,99,1135,175,17,27
1,KIA,100,1162,196,20,26
1,MASTER_CARD,90,1237,69,41,30
2,KIA,100,15,262,28,31
2,KIA,100,54,234,23,29
2,KIA,100,91,211,17,27
2,KIA,92,119,188,20,26
2,KIA,79,148,170,14,22
2,JACOBS_CREEK,100,164,22,71,38
2,KIA,89,169,153,16,25
2,JACOBS_CREEK,100,258,18,76,38
2,IBM,100,282,91,38,18
2,FLY_EMIRATES,100,356,20,73,31
2,KIA,100,398,228,43,21
2,KIA,100,459,18,70,38
2,MELBOURNE,100,505,528,264,28
2,KIA,100,556,18,68,39
2,KIA,100,652,19,68,37
2,KIA,100,750,18,68,38
2,KIA,100,835,231,42,20
2,ANZ,100,853,17,96,35
2,ANZ,100,966,20,93,37
2,ROLEX,100,991,71,22,16
2,FLY_EMIRATES,100,1078,29,68,35
2,KIA,100,1109,159,20,25
2,KIA,99,1135,175,17,27
2,KIA,100,1162,196,20,26
2,MASTER_CARD,90,1237,69,41,29
3,KIA,100,15,262,28,31
3,KIA,100,54,234,23,29
3,KIA,100,91,211,17,27
3,KIA,94,119,188,20,26
3,KIA,84,148,170,13,22
3,JACOBS_CREEK,100,165,22,71,38
3,KIA,93,169,153,16,25
3,JACOBS_CREEK,100,258,18,76,38
3,IBM,100,282,91,38,18
3,FLY_EMIRATES,100,356,20,73,31
3,KIA,100,398,228,43,21
3,KIA,100,459,18,70,38
3,MELBOURNE,100,506,528,262,28
3,KIA,100,556,18,67,39
3,KIA,100,652,19,67,37
3,KIA,100,749,18,69,38
3,KIA,100,835,231,42,20
3,ANZ,100,853,16,96,35
3,ANZ,100,966,20,93,37
3,ROLEX,100,991,71,22,16
3,FLY_EMIRATES,100,1079,29,68,36
3,KIA,99,1109,159,20,25
3,KIA,99,1135,175,17,27
3,KIA,100,1162,196,20,26
3,MASTER_CARD,92,1237,69,41,30
4,KIA,100,15,262,28,30
4,KIA,100,54,234,22,29
4,KIA,100,91,211,18,28
4,KIA,94,119,188,19,26
4,KIA,88,149,170,14,22
4,JACOBS_CREEK,100,165,22,71,38
4,KIA,93,169,153,16,26
4,JACOBS_CREEK,100,253,19,79,39
4,IBM,100,283,91,38,18
4,FLY_EMIRATES,100,356,20,72,31
4,KIA,100,398,229,43,21
4,KIA,100,458,18,70,38
4,MELBOURNE,100,507,529,261,28
4,KIA,100,556,18,68,38
4,KIA,100,652,19,67,37
4,KIA,100,750,18,68,38
4,KIA,100,835,231,42,21
4,ANZ,100,852,17,96,35
4,ANZ,100,966,20,93,37
4,ROLEX,100,991,72,22,16
4,FLY_EMIRATES,100,1079,29,68,36
4,KIA,100,1109,159,20,25
4,KIA,99,1135,175,17,28
4,KIA,100,1162,196,20,26
4,MASTER_CARD,87,1237,69,40,30
5,KIA,100,14,262,27,31
5,KIA,100,52,235,23,28
5,KIA,100,88,211,18,28
5,KIA,93,117,189,19,26
5,KIA,88,147,170,14,22
5,JACOBS_CREEK,100,164,22,71,39
5,KIA,95,167,153,16,26
5,JACOBS_CREEK,100,251,19,79,39
5,IBM,100,281,91,38,18
5,FLY_EMIRATES,100,355,20,72,32
5,KIA,100,397,229,43,22
5,KIA,100,457,18,70,38
5,MELBOURNE,100,508,530,259,26
5,KIA,100,555,18,68,38
5,KIA,100,651,19,67,38
5,KIA,100,749,18,68,38
5,KIA,100,834,231,42,21
5,ANZ,100,852,17,96,36
5,ANZ,100,965,20,92,37
5,ROLEX,100,990,72,22,15
5,FLY_EMIRATES,100,1078,28,65,35
5,KIA,100,1108,159,20,25
5,KIA,99,1134,175,18,27
5,KIA,100,1161,197,20,26
5,MASTER_CARD,89,1236,70,41,29
6,KIA,100,9,262,26,32
6,KIA,100,46,236,23,29
6,KIA,100,82,211,19,28
6,KIA,86,112,189,18,24
6,KIA,85,142,170,13,22
6,JACOBS_CREEK,100,159,22,73,39
6,KIA,92,161,153,17,24
6,JACOBS_CREEK,100,251,18,75,38
6,IBM,100,276,91,39,18
6,FLY_EMIRATES,100,350,19,74,32
6,KIA,100,393,228,42,22
6,KIA,100,454,18,69,38
6,MELBOURNE,100,503,531,266,27
6,KIA,100,552,18,68,38
6,KIA,100,647,18,69,38
6,KIA,100,745,17,70,38
6,KIA,100,833,231,41,21
6,ANZ,100,851,16,96,35
6,ANZ,100,965,18,89,38
6,ROLEX,100,989,72,22,15
6,FLY_EMIRATES,100,1078,27,66,36
6,KIA,100,1108,159,20,25
6,KIA,99,1134,175,18,27
6,KIA,100,1161,196,20,26
6,MASTER_CARD,84,1236,69,42,30
7,KIA,99,0,265,23,31
7,KIA,100,34,236,23,30
7,KIA,99,71,212,19,28
7,KIA,97,101,189,19,25
7,KIA,72,130,171,15,23
7,JACOBS_CREEK,100,149,20,75,40
7,KIA,77,153,152,16,25
7,JACOBS_CREEK,100,240,16,81,40
7,IBM,100,269,90,39,19
7,FLY_EMIRATES,100,344,16,76,33
7,KIA,100,388,230,43,22
7,KIA,100,450,15,72,39
7,MELBOURNE,100,496,536,269,31
7,KIA,100,550,15,70,39
7,KIA,100,647,15,71,39
7,KIA,100,747,14,72,39
7,KIA,100,837,232,40,21
7,ANZ,100,855,13,98,36
7,ANZ,100,970,15,93,40
7,ROLEX,100,996,70,21,15
7,FLY_EMIRATES,100,1086,24,67,38
7,KIA,100,1117,159,19,26
7,KIA,98,1142,176,18,26
7,KIA,100,1171,196,20,27
7,MASTER_CARD,54,1245,65,33,34
8,KIA,75,-0,267,6,32
8,KIA,100,19,239,25,28
8,KIA,95,57,213,19,27
8,KIA,100,88,191,20,24
8,KIA,29,140,150,18,28
8,JACOBS_CREEK,95,140,16,73,41
8,JACOBS_CREEK,100,232,8,81,45
8,IBM,99,261,89,39,18
8,FLY_EMIRATES,100,335,13,81,34
8,KIA,100,381,231,45,22
8,KIA,100,446,11,73,39
8,MELBOURNE,100,494,546,268,32
8,KIA,100,549,11,71,40
8,KIA,100,648,11,73,40
8,KIA,100,751,10,72,40
8,KIA,100,843,233,41,22
8,ANZ,100,860,10,96,37
8,ANZ,100,980,13,96,38
8,ROLEX,100,1005,67,21,16
8,FLY_EMIRATES,100,1098,22,70,37
8,KIA,100,1129,159,20,26
8,KIA,100,1154,176,21,27
8,KIA,99,1185,197,19,27
8,MASTER_CARD,83,1263,64,15,28
9,KIA,95,3,241,25,28
9,KIA,100,44,215,20,26
9,KIA,99,76,193,19,24
9,JACOBS_CREEK,95,120,9,85,48
9,KIA,38,129,150,18,26
9,JACOBS_CREEK,100,219,6,87,45
9,IBM,98,251,87,40,19
9,FLY_EMIRATES,100,327,10,84,36
9,KIA,100,376,234,46,22
9,KIA,100,439,8,77,40
9,MELBOURNE,100,495,556,284,30
9,KIA,100,546,7,74,41
9,KIA,100,649,8,74,40
9,KIA,100,754,7,73,41
9,KIA,100,848,236,42,21
9,ANZ,100,866,7,101,37
9,ANZ,100,988,10,97,38
9,ROLEX,100,1014,65,22,16
9,FLY_EMIRATES,85,1110,21,68,37
9,KIA,100,1142,158,21,27
9,KIA,100,1169,175,19,30
9,KIA,100,1198,199,20,27
10,KIA,100,15,262,28,31
10,KIA,100,54,234,23,29
10,KIA,100,91,211,17,27
10,KIA,91,119,188,20,26
10,KIA,79,148,170,14,22
10,JACOBS_CREEK,100,165,22,71,38
10,KIA,88,169,153,16,25
10,JACOBS_CREEK,100,258,18,76,38
10,IBM,100,282,91,39,18
10,FLY_EMIRATES,100,356,20,73,31
10,KIA,100,398,228,43,21
10,KIA,100,459,18,70,38
10,MELBOURNE,100,505,528,264,28
10,KIA,100,556,18,68,39
10,KIA,100,652,19,68,37
10,KIA,100,750,18,68,38
10,KIA,100,835,231,42,20
10,ANZ,100,853,17,96,35
10,ANZ,100,965,20,93,37
10,ROLEX,100,991,71,22,16
10,FLY_EMIRATES,100,1078,29,68,35
10,KIA,100,1109,159,20,25
10,KIA,99,1135,175,17,27
10,KIA,100,1162,196,20,26
10,MASTER_CARD,90,1237,69,41,30
11,KIA,42,1,243,14,30
11,KIA,100,30,216,22,28
11,KIA,99,65,195,19,24
11,KIA,44,120,151,17,26
11,JACOBS_CREEK,60,144,22,85,51
11,JACOBS_CREEK,100,210,4,89,45
11,IBM,96,245,87,41,18
11,FLY_EMIRATES,100,321,7,85,36
11,KIA,100,372,236,45,23
11,KIA,100,436,7,77,39
11,MELBOURNE,100,492,560,285,35
11,KIA,100,544,6,75,39
11,KIA,100,651,7,75,39
11,KIA,100,758,7,74,40
11,KIA,100,853,238,41,22
11,ANZ,100,871,5,103,37
11,ANZ,100,995,3,103,47
11,ROLEX,100,1022,64,23,17
11,KIA,100,1153,159,21,28
11,KIA,100,1181,177,20,30
11,KIA,100,1211,200,20,28
12,KIA,98,19,219,22,28
12,KIA,99,53,197,19,25
12,KIA,37,108,153,18,27
12,JACOBS_CREEK,63,141,23,85,51
12,JACOBS_CREEK,100,201,4,91,45
12,IBM,98,238,87,41,19
12,FLY_EMIRATES,100,316,6,87,36
12,KIA,100,367,240,47,23
12,KIA,100,433,6,79,39
12,MELBOURNE,100,490,573,284,33
12,KIA,100,542,6,76,39
12,KIA,100,651,7,76,39
12,KIA,100,761,6,74,40
12,KIA,100,858,241,41,23
12,ANZ,100,872,2,108,38
12,ANZ,100,1002,2,101,46
12,ROLEX,100,1029,64,22,17
12,FLY_EMIRATES,93,1127,14,73,41
12,KIA,100,1162,161,23,28
12,KIA,100,1191,181,19,28
12,KIA,99,1223,203,20,27
13,KIA,96,10,224,22,27
13,KIA,99,47,201,18,24
13,KIA,60,103,156,16,26
13,JACOBS_CREEK,61,131,24,89,51
13,JACOBS_CREEK,100,196,3,90,45
13,IBM,96,234,89,39,18
13,FLY_EMIRATES,100,313,7,87,36
13,KIA,100,363,243,47,23
13,KIA,100,433,10,74,36
13,MELBOURNE,100,488,579,291,33
13,KIA,100,544,11,73,36
13,KIA,100,653,13,71,34
13,KIA,100,766,10,69,36
13,KIA,100,862,245,39,23
13,ANZ,100,881,6,102,36
13,ANZ,100,1008,5,105,42
13,ROLEX,100,1036,66,22,17
13,FLY_EMIRATES,99,1130,12,86,48
13,KIA,100,1170,164,23,27
13,KIA,99,1200,183,19,30
13,KIA,99,1232,207,20,27
14,KIA,84,3,230,24,25
14,KIA,83,39,205,19,25
14,KIA,63,96,160,19,26
14,JACOBS_CREEK,45,127,23,92,51
14,JACOBS_CREEK,100,195,6,89,46
14,IBM,99,229,93,39,20
14,FLY_EMIRATES,100,310,10,87,37
14,KIA,100,361,248,47,23
14,KIA,100,432,11,74,39
14,MELBOURNE,99,483,589,311,36
14,KIA,100,544,13,72,38
14,KIA,100,652,14,73,37
14,KIA,100,768,12,69,38
14,KIA,100,865,249,40,24
14,ANZ,100,882,7,108,39
14,ANZ,100,1013,9,101,42
14,ROLEX,100,1040,68,23,18
14,FLY_EMIRATES,95,1137,18,87,41
14,KIA,100,1176,170,24,28
14,KIA,100,1206,189,20,28
14,KIA,97,1238,212,20,26
15,KIA,99,36,210,18,24
15,KIA,35,91,163,18,28
15,JACOBS_CREEK,31,126,24,80,49
15,JACOBS_CREEK,100,194,9,87,48
15,IBM,99,225,96,41,19
15,FLY_EMIRATES,100,307,13,88,37
15,KIA,100,359,252,48,24
15,KIA,100,431,14,75,39
15,MELBOURNE,100,483,598,302,34
15,KIA,100,544,15,71,39
15,KIA,100,654,17,71,37
15,KIA,100,768,14,69,38
15,KIA,100,867,255,41,22
15,ANZ,100,889,12,100,37
15,ANZ,100,1018,11,100,43
15,ROLEX,100,1043,72,23,18
15,FLY_EMIRATES,100,1142,18,84,44
15,KIA,100,1182,172,22,29
15,KIA,100,1212,192,19,28
15,KIA,98,1245,215,20,26
16,KIA,98,32,214,18,23
16,JACOBS_CREEK,61,123,23,85,49
16,JACOBS_CREEK,99,187,10,92,49
16,IBM,100,224,99,39,20
16,FLY_EMIRATES,100,306,15,87,38
16,KIA,100,358,257,47,24
16,KIA,100,430,16,75,39
16,MELBOURNE,100,482,604,303,35
16,KIA,100,544,17,70,38
16,KIA,100,655,18,71,38
16,KIA,100,768,16,70,39
16,KIA,100,868,258,42,23
16,ANZ,100,887,12,107,40
16,ANZ,100,1019,13,101,43
16,ROLEX,100,1046,74,22,18
16,FLY_EMIRATES,100,1144,20,85,45
16,KIA,96,1186,176,21,28
16,KIA,100,1216,195,20,30
16,KIA,99,1249,218,21,29
17,KIA,98,29,217,18,25
17,JACOBS_CREEK,33,130,28,69,38
17,JACOBS_CREEK,99,187,11,90,52
17,IBM,97,221,103,40,20
17,FLY_EMIRATES,100,303,17,88,41
17,KIA,100,356,260,48,24
17,KIA,100,430,21,75,36
17,MELBOURNE,100,474,605,320,44
17,KIA,100,543,22,71,36
17,KIA,100,655,23,72,35
17,KIA,100,770,21,69,35
17,KIA,100,869,262,42,23
17,ANZ,100,888,15,105,39
17,ANZ,100,1023,16,99,46
17,ROLEX,100,1048,78,23,17
17,FLY_EMIRATES,99,1153,24,74,44
17,KIA,100,1187,180,24,28
17,KIA,100,1217,199,20,31
17,KIA,87,1252,222,20,28
18,KIA,99,29,222,18,24
18,JACOBS_CREEK,61,133,29,65,38
18,JACOBS_CREEK,99,188,18,85,44
18,IBM,99,222,106,38,20
18,FLY_EMIRATES,100,304,20,88,39
18,KIA,100,356,264,47,24
18,KIA,100,429,24,75,37
18,MELBOURNE,100,475,610,316,42
18,KIA,100,543,26,72,35
18,KIA,100,654,28,72,34
18,KIA,100,770,25,69,36
18,KIA,100,869,266,42,24
18,ANZ,99,889,19,104,42
18,ANZ,100,1023,21,100,43
18,ROLEX,100,1048,81,25,18
18,FLY_EMIRATES,100,1155,28,75,43
18,KIA,99,1189,185,24,27
18,KIA,98,1219,203,19,31
18,KIA,95,1251,226,21,29
19,KIA,98,28,223,20,25
19,JACOBS_CREEK,99,187,20,89,43
19,IBM,99,221,108,39,20
19,FLY_EMIRATES,100,305,24,86,38
19,KIA,100,356,266,47,24
19,KIA,100,429,27,74,37
19,MELBOURNE,100,474,611,320,43
19,KIA,100,544,29,71,34
19,KIA,100,654,31,72,34
19,KIA,100,770,27,69,35
19,KIA,100,870,268,42,23
19,ANZ,100,892,22,99,41
19,ANZ,100,1024,25,100,40
19,ROLEX,100,1049,84,24,17
19,FLY_EMIRATES,100,1156,32,71,43
19,KIA,100,1190,187,23,28
19,KIA,100,1219,206,20,32
19,KIA,90,1251,228,21,29
20,KIA,98,26,223,21,27
20,KIA,91,61,199,17,25
20,KIA,99,86,178,18,27
20,JACOBS_CREEK,100,185,23,96,43
20,IBM,100,219,106,44,21
20,FLY_EMIRATES,100,304,25,87,37
20,KIA,100,356,267,48,24
20,KIA,100,428,27,77,37
20,MELBOURNE,100,475,612,316,44
20,KIA,100,541,30,74,35
20,KIA,100,653,30,74,34
20,KIA,100,769,28,71,36
20,KIA,100,868,269,44,23
20,ANZ,99,889,25,104,34
20,ANZ,100,1024,25,101,41
20,ROLEX,100,1048,84,24,18
20,FLY_EMIRATES,100,1157,32,70,45
20,KIA,100,1189,188,23,28
20,KIA,100,1219,206,19,30
20,KIA,96,1251,229,23,29
21,KIA,100,15,262,28,31
21,KIA,100,54,234,23,29
21,KIA,100,91,211,17,27
21,KIA,92,119,188,20,26
21,KIA,79,148,170,14,22
21,JACOBS_CREEK,100,164,22,71,38
21,KIA,89,169,153,16,25
21,JACOBS_CREEK,100,258,18,76,38
21,IBM,100,282,91,38,18
21,FLY_EMIRATES,100,356,20,73,31
21,KIA,100,398,228,43,21
21,KIA,100,459,18,70,38
21,MELBOURNE,100,505,528,264,28
21,KIA,100,556,18,68,39
21,KIA,100,652,19,68,37
21,KIA,100,750,18,68,38
21,KIA,100,835,231,42,20
21,ANZ,100,853,17,96,35
21,ANZ,100,966,20,93,37
21,ROLEX,100,991,71,22,16
21,FLY_EMIRATES,100,1078,29,68,35
21,KIA,100,1109,159,20,25
21,KIA,99,1135,175,17,27
21,KIA,100,1162,196,20,26
21,MASTER_CARD,90,1237,69,41,29
22,KIA,99,26,223,21,27
22,KIA,72,60,199,18,26
22,KIA,100,86,178,18,27
22,JACOBS_CREEK,100,184,23,97,43
22,IBM,100,219,106,45,21
22,FLY_EMIRATES,100,304,25,87,37
22,KIA,100,356,267,48,24
22,KIA,100,423,23,87,44
22,MELBOURNE,100,477,618,314,35
22,KIA,100,535,22,85,44
22,KIA,100,648,22,85,45
22,KIA,100,762,21,84,46
22,KIA,100,867,269,46,23
22,ANZ,100,887,21,108,40
22,ANZ,100,1023,25,103,41
22,ROLEX,100,1048,84,24,18
22,FLY_EMIRATES,100,1157,32,70,44
22,KIA,100,1190,187,23,28
22,KIA,100,1219,206,19,30
22,KIA,97,1250,228,23,28
23,KIA,99,26,222,21,27
23,KIA,100,86,177,18,28
23,JACOBS_CREEK,100,183,23,98,43
23,IBM,100,218,105,46,21
23,FLY_EMIRATES,100,304,25,87,37
23,KIA,100,356,267,49,24
23,KIA,100,422,23,87,44
23,MELBOURNE,100,479,619,308,34
23,KIA,100,535,22,85,44
23,KIA,100,647,22,85,45
23,KIA,100,760,21,87,46
23,KIA,100,866,269,48,24
23,ANZ,100,887,20,109,41
23,ANZ,100,1023,25,103,41
23,ROLEX,100,1047,84,25,18
23,FLY_EMIRATES,100,1156,33,71,43
23,KIA,100,1190,186,22,29
23,KIA,100,1219,205,19,30
23,KIA,98,1250,228,24,28
24,KIA,99,26,222,21,28
24,KIA,100,86,177,18,28
24,JACOBS_CREEK,100,184,23,98,43
24,IBM,100,218,105,46,21
24,FLY_EMIRATES,100,304,25,87,36
24,KIA,100,356,267,48,24
24,KIA,100,422,23,87,44
24,MELBOURNE,100,479,618,310,35
24,KIA,100,535,22,85,44
24,KIA,100,647,22,86,45
24,KIA,100,760,21,87,47
24,KIA,100,866,269,48,24
24,ANZ,100,888,20,107,42
24,ANZ,100,1023,25,103,41
24,ROLEX,100,1047,84,25,18
24,FLY_EMIRATES,100,1156,32,75,42
24,KIA,100,1190,186,22,28
24,KIA,100,1218,205,19,30
24,KIA,99,1250,228,24,28
25,KIA,100,26,222,21,28
25,KIA,100,86,177,18,27
25,JACOBS_CREEK,100,184,23,97,43
25,IBM,100,218,105,46,21
25,FLY_EMIRATES,100,304,25,87,37
25,KIA,100,356,267,48,24
25,KIA,100,423,23,87,44
25,MELBOURNE,100,473,620,319,32
25,KIA,100,535,22,85,44
25,KIA,100,647,22,85,45
25,KIA,100,761,21,86,46
25,KIA,100,866,269,48,24
25,ANZ,100,889,21,106,41
25,ANZ,100,1023,25,103,41
25,ROLEX,100,1048,84,25,18
25,FLY_EMIRATES,100,1156,33,75,42
25,KIA,100,1190,186,22,29
25,KIA,100,1219,205,19,30
25,KIA,99,1250,228,24,28
26,KIA,100,26,222,21,27
26,KIA,100,86,177,18,27
26,JACOBS_CREEK,100,184,24,98,43
26,IBM,100,218,105,46,21
26,FLY_EMIRATES,100,304,25,87,37
26,KIA,100,356,267,48,24
26,KIA,100,422,23,87,44
26,MELBOURNE,100,471,619,321,33
26,KIA,100,535,22,85,44
26,KIA,100,647,22,86,46
26,KIA,100,761,21,86,46
26,KIA,100,866,269,48,24
26,ANZ,100,888,20,107,42
26,ANZ,100,1022,25,104,41
26,ROLEX,100,1048,84,25,18
26,FLY_EMIRATES,100,1156,33,74,41
26,KIA,100,1190,186,22,29
26,KIA,100,1219,205,18,30
26,KIA,99,1250,228,24,28
27,KIA,100,26,222,22,28
27,KIA,100,86,177,18,27
27,JACOBS_CREEK,100,183,24,99,43
27,IBM,100,217,105,47,21
27,FLY_EMIRATES,100,303,25,88,37
27,KIA,100,356,267,49,24
27,KIA,100,421,23,89,44
27,MELBOURNE,100,477,620,312,30
27,KIA,100,535,22,85,45
27,KIA,100,647,21,86,45
27,KIA,100,762,21,85,46
27,KIA,100,866,269,48,24
27,ANZ,100,888,20,108,42
27,ANZ,100,1023,25,103,41
27,ROLEX,100,1047,84,25,18
27,FLY_EMIRATES,100,1157,33,70,43
27,KIA,100,1190,186,22,29
27,KIA,100,1219,205,18,30
27,KIA,99,1250,228,24,28
28,KIA,100,26,222,21,27
28,KIA,100,86,177,18,27
28,JACOBS_CREEK,100,183,23,99,43
28,IBM,100,217,105,47,21
28,FLY_EMIRATES,100,304,24,88,37
28,KIA,100,356,267,49,24
28,KIA,100,421,22,89,44
28,MELBOURNE,100,479,620,310,31
28,KIA,100,535,22,85,45
28,KIA,100,647,21,86,45
28,KIA,100,761,21,86,46
28,KIA,100,866,269,48,24
28,ANZ,100,888,20,108,41
28,ANZ,100,1023,25,103,41
28,ROLEX,100,1048,84,25,18
28,FLY_EMIRATES,100,1157,33,70,43
28,KIA,100,1190,186,22,29
28,KIA,100,1219,205,18,30
28,KIA,99,1250,228,24,28
29,KIA,100,26,222,21,28
29,KIA,100,86,177,18,28
29,JACOBS_CREEK,100,183,24,99,43
29,IBM,100,217,105,47,21
29,FLY_EMIRATES,100,304,24,87,37
29,KIA,100,356,267,49,24
29,KIA,100,422,23,88,44
29,MELBOURNE,100,474,620,317,32
29,KIA,100,535,22,85,44
29,KIA,100,647,21,86,45
29,KIA,100,761,21,86,46
29,KIA,100,866,269,48,24
29,ANZ,100,887,20,109,41
29,ANZ,100,1022,25,104,41
29,ROLEX,100,1048,84,25,18
29,FLY_EMIRATES,100,1157,33,70,43
29,KIA,100,1190,185,22,29
29,KIA,100,1219,205,18,30
29,KIA,99,1250,228,24,28
30,KIA,100,26,222,21,27
30,KIA,100,86,177,17,28
30,JACOBS_CREEK,100,183,23,99,43
30,IBM,100,217,105,47,21
30,FLY_EMIRATES,100,304,24,87,37
30,KIA,100,356,267,48,24
30,KIA,100,422,23,88,44
30,MELBOURNE,100,474,619,318,33
30,KIA,100,535,22,85,44
30,KIA,100,647,21,86,45
30,KIA,100,761,20,86,46
30,KIA,100,866,269,48,24
30,ANZ,100,889,20,106,41
30,ANZ,100,1023,25,104,41
30,ROLEX,100,1048,84,24,18
30,FLY_EMIRATES,100,1157,33,70,43
30,KIA,100,1190,186,22,29
30,KIA,100,1219,205,18,30
30,KIA,99,1250,228,24,28
31,KIA,100,26,222,21,28
31,KIA,100,86,177,18,27
31,JACOBS_CREEK,100,183,23,99,43
31,IBM,100,218,105,47,20
31,FLY_EMIRATES,100,304,24,87,37
31,KIA,100,356,267,48,24
31,KIA,100,422,23,87,44
31,MELBOURNE,100,471,619,322,33
31,KIA,100,535,22,84,44
31,KIA,100,647,21,86,46
31,KIA,100,761,21,86,46
31,KIA,100,866,269,48,24
31,ANZ,100,888,21,107,40
31,ANZ,100,1023,25,104,41
31,ROLEX,100,1048,84,24,18
31,FLY_EMIRATES,100,1156,32,75,42
31,KIA,100,1190,185,22,29
31,KIA,100,1219,205,18,30
31,KIA,99,1250,228,24,28
32,KIA,98,19,219,22,28
32,KIA,99,53,197,19,25
32,KIA,37,108,153,18,27
32,JACOBS_CREEK,63,141,23,85,51
32,JACOBS_CREEK,100,201,4,91,45
32,IBM,98,238,87,41,19
32,FLY_EMIRATES,100,316,6,87,36
32,KIA,100,367,240,47,23
32,KIA,100,433,6,79,39
32,MELBOURNE,100,490,573,284,33
32,KIA,100,542,6,76,39
32,KIA,100,651,7,76,39
32,KIA,100,761,6,74,40
32,KIA,100,858,241,41,23
32,ANZ,100,872,2,108,38
32,ANZ,100,1002,2,101,46
32,ROLEX,100,1029,64,22,17
32,FLY_EMIRATES,93,1127,14,73,41
32,KIA,100,1162,161,23,28
32,KIA,100,1191,181,19,28
32,KIA,99,1223,203,20,27
33,KIA,100,26,222,21,28
33,KIA,100,86,178,18,27
33,JACOBS_CREEK,100,182,23,99,43
33,IBM,100,217,105,47,21
33,FLY_EMIRATES,100,304,24,87,37
33,KIA,100,356,267,48,24
33,KIA,100,422,23,87,44
33,MELBOURNE,100,471,618,321,33
33,KIA,100,535,22,85,45
33,KIA,100,647,21,86,46
33,KIA,100,761,20,87,46
33,KIA,100,866,270,48,24
33,ANZ,100,888,20,107,41
33,ANZ,100,1023,24,104,41
33,ROLEX,100,1048,84,25,18
33,FLY_EMIRATES,100,1157,33,70,43
33,KIA,100,1190,185,22,30
33,KIA,100,1219,205,19,30
33,KIA,99,1250,228,24,28
34,KIA,100,26,222,21,27
34,KIA,100,86,177,18,27
34,JACOBS_CREEK,100,183,23,99,43
34,IBM,100,217,105,47,20
34,FLY_EMIRATES,100,304,24,88,38
34,KIA,100,356,267,48,24
34,KIA,100,421,22,89,44
34,MELBOURNE,100,474,619,317,32
34,KIA,100,535,22,85,45
34,KIA,100,647,21,86,46
34,KIA,100,761,21,86,46
34,KIA,100,866,269,48,24
34,ANZ,100,887,20,109,42
34,ANZ,100,1022,24,104,41
34,ROLEX,100,1048,84,25,18
34,FLY_EMIRATES,100,1157,33,70,42
34,KIA,100,1190,185,22,29
34,KIA,100,1219,205,18,30
34,KIA,99,1250,227,24,29
35,KIA,100,26,222,21,28
35,KIA,100,86,177,18,28
35,JACOBS_CREEK,100,183,23,99,43
35,IBM,100,218,105,46,20
35,FLY_EMIRATES,100,304,24,87,37
35,KIA,100,356,266,48,24
35,KIA,100,421,22,89,44
35,MELBOURNE,100,472,619,319,32
35,KIA,100,536,21,83,45
35,KIA,100,647,21,85,45
35,KIA,100,761,20,86,45
35,KIA,100,866,269,48,24
35,ANZ,100,887,20,109,42
35,ANZ,100,1023,24,103,41
35,ROLEX,100,1047,83,25,18
35,FLY_EMIRATES,100,1156,32,74,41
35,KIA,100,1190,185,22,29
35,KIA,100,1219,204,18,30
35,KIA,99,1250,227,24,29
36,KIA,100,26,221,21,27
36,KIA,100,86,176,17,28
36,JACOBS_CREEK,100,183,23,98,43
36,IBM,100,218,105,47,20
36,FLY_EMIRATES,100,304,23,88,38
36,KIA,100,356,266,49,24
36,KIA,100,420,21,91,44
36,MELBOURNE,100,481,617,307,35
36,KIA,100,536,21,84,45
36,KIA,100,647,21,86,45
36,KIA,100,761,20,87,46
36,KIA,100,866,269,48,24
36,ANZ,100,886,19,111,42
36,ANZ,100,1023,24,104,42
36,ROLEX,100,1047,83,25,18
36,FLY_EMIRATES,100,1156,31,74,42
36,KIA,100,1190,185,22,29
36,KIA,100,1219,204,19,30
36,KIA,99,1250,227,23,29
37,KIA,100,25,221,21,27
37,KIA,100,86,176,18,28
37,JACOBS_CREEK,100,183,22,98,43
37,IBM,100,218,105,47,20
37,FLY_EMIRATES,100,304,23,88,38
37,KIA,100,356,266,49,24
37,KIA,100,420,21,92,44
37,MELBOURNE,100,480,616,310,36
37,KIA,100,536,20,85,45
37,KIA,100,647,20,86,45
37,KIA,100,760,19,88,46
37,KIA,100,866,269,48,24
37,ANZ,100,886,19,110,43
37,ANZ,100,1022,23,104,42
37,ROLEX,100,1047,83,25,18
37,FLY_EMIRATES,100,1156,31,74,42
37,KIA,100,1190,185,22,29
37,KIA,100,1219,204,18,30
37,KIA,99,1250,227,23,29
38,KIA,100,26,221,21,27
38,KIA,100,85,176,18,28
38,JACOBS_CREEK,100,184,22,98,43
38,IBM,100,218,105,46,21
38,FLY_EMIRATES,100,304,22,88,39
38,KIA,100,356,266,48,24
38,KIA,100,420,21,92,44
38,MELBOURNE,100,474,616,322,37
38,KIA,100,535,20,86,46
38,KIA,100,647,21,86,45
38,KIA,100,761,20,87,45
38,KIA,100,866,269,49,24
38,ANZ,100,887,19,109,43
38,ANZ,100,1023,24,104,41
38,ROLEX,100,1047,83,26,18
38,FLY_EMIRATES,100,1157,32,70,43
38,KIA,99,1190,185,22,29
38,KIA,100,1219,204,18,29
38,KIA,100,1250,227,24,29
39,KIA,100,25,221,21,27
39,KIA,100,86,176,18,27
39,JACOBS_CREEK,100,184,22,97,43
39,IBM,100,218,104,46,21
39,FLY_EMIRATES,100,303,22,88,39
39,KIA,100,356,266,49,24
39,KIA,100,420,21,91,44
39,MELBOURNE,100,478,618,313,35
39,KIA,100,535,20,86,45
39,KIA,100,647,20,86,45
39,KIA,100,761,20,87,46
39,KIA,100,866,269,49,24
39,ANZ,100,887,18,109,43
39,ANZ,100,1023,23,104,41
39,ROLEX,100,1046,82,26,18
39,FLY_EMIRATES,100,1157,31,73,42
39,KIA,100,1189,185,25,27
39,KIA,100,1218,204,19,30
39,KIA,99,1250,227,23,29
40,KIA,100,25,221,21,27
40,KIA,100,86,176,18,27
40,JACOBS_CREEK,100,184,22,96,43
40,IBM,100,218,104,48,20
40,FLY_EMIRATES,100,303,22,89,39
40,KIA,100,355,265,49,24
40,KIA,100,420,20,92,44
40,MELBOURNE,100,479,617,311,34
40,KIA,100,536,20,85,45
40,KIA,100,647,20,86,45
40,KIA,100,761,19,87,45
40,KIA,100,866,269,49,24
40,ANZ,100,887,17,109,44
40,ANZ,100,1023,23,104,42
40,ROLEX,100,1046,82,26,18
40,FLY_EMIRATES,100,1157,31,74,42
40,KIA,100,1189,185,24,27
40,KIA,100,1219,204,18,29
40,KIA,99,1250,226,24,29
41,KIA,100,25,221,21,27
41,KIA,100,86,176,18,27
41,JACOBS_CREEK,100,184,21,96,44
41,IBM,100,218,104,48,20
41,FLY_EMIRATES,100,304,22,89,39
41,KIA,100,356,265,49,24
41,KIA,100,420,20,91,43
41,MELBOURNE,100,477,615,312,38
41,KIA,100,536,20,85,45
41,KIA,100,647,20,86,45
41,KIA,100,761,19,86,45
41,KIA,100,866,268,49,24
41,ANZ,100,887,17,109,44
41,ANZ,100,1022,23,104,42
41,ROLEX,100,1046,82,26,18
41,FLY_EMIRATES,100,1157,31,73,42
41,KIA,100,1189,185,24,27
41,KIA,100,1219,204,18,29
41,KIA,99,1250,226,24,29
42,KIA,100,25,221,21,27
42,KIA,100,86,176,18,28
42,JACOBS_CREEK,100,184,21,97,44
42,IBM,100,218,105,47,20
42,FLY_EMIRATES,100,304,22,88,38
42,KIA,100,356,266,48,24
42,KIA,100,421,22,89,43
42,MELBOURNE,100,475,615,317,39
42,KIA,100,536,21,83,45
42,KIA,100,647,21,84,45
42,KIA,100,762,20,83,44
42,KIA,100,866,268,49,24
42,ANZ,100,888,19,108,43
42,ANZ,100,1023,23,104,42
42,ROLEX,100,1046,82,26,18
42,FLY_EMIRATES,100,1157,32,70,42
42,KIA,99,1189,185,25,26
42,KIA,100,1219,204,18,29
42,KIA,99,1250,227,24,29
43,KIA,99,26,222,21,27
43,KIA,100,86,177,18,28
43,JACOBS_CREEK,100,183,23,98,43
43,IBM,100,218,105,46,21
43,FLY_EMIRATES,100,304,25,87,37
43,KIA,100,356,267,49,24
43,KIA,100,422,23,87,44
43,MELBOURNE,100,479,619,308,34
43,KIA,100,535,22,85,44
43,KIA,100,647,22,85,45
43,KIA,100,760,21,87,46
43,KIA,100,866,269,48,24
43,ANZ,100,887,20,109,41
43,ANZ,100,1023,25,103,41
43,ROLEX,100,1047,84,25,18
43,FLY_EMIRATES,100,1156,33,71,43
43,KIA,100,1190,186,22,29
43,KIA,100,1219,205,19,30
43,KIA,98,1250,228,24,28
44,KIA,100,25,222,21,27
44,KIA,100,86,176,18,28
44,JACOBS_CREEK,100,184,23,97,44
44,IBM,100,218,105,47,20
44,FLY_EMIRATES,100,304,23,88,38
44,KIA,100,356,266,48,24
44,KIA,100,420,22,90,44
44,MELBOURNE,100,479,618,309,34
44,KIA,100,536,21,85,45
44,KIA,100,647,21,86,45
44,KIA,100,761,20,86,45
44,KIA,100,867,269,48,24
44,ANZ,100,886,20,111,41
44,ANZ,100,1023,24,104,41
44,ROLEX,100,1047,83,25,18
44,FLY_EMIRATES,100,1157,32,70,43
44,KIA,100,1190,185,22,29
44,KIA,100,1219,204,19,30
44,KIA,99,1250,227,24,29
45,KIA,100,26,222,21,27
45,KIA,100,86,177,18,29
45,JACOBS_CREEK,100,184,23,97,44
45,IBM,100,217,105,47,20
45,FLY_EMIRATES,100,303,23,88,38
45,KIA,100,356,267,48,24
45,KIA,100,420,22,90,44
45,MELBOURNE,100,477,619,314,34
45,KIA,100,536,21,84,45
45,KIA,100,647,21,85,46
45,KIA,100,761,20,85,46
45,KIA,100,866,269,49,24
45,ANZ,100,887,20,110,41
45,ANZ,100,1023,25,104,41
45,ROLEX,100,1047,83,25,18
45,FLY_EMIRATES,100,1157,33,70,43
45,KIA,100,1190,186,22,29
45,KIA,100,1219,205,18,29
45,KIA,99,1249,227,24,29
46,KIA,100,24,222,21,26
46,KIA,100,84,176,18,29
46,JACOBS_CREEK,100,184,21,96,44
46,IBM,100,217,105,47,20
46,FLY_EMIRATES,100,303,22,88,39
46,KIA,100,355,266,48,24
46,KIA,100,420,21,90,44
46,MELBOURNE,100,474,617,320,37
46,KIA,100,535,20,86,45
46,KIA,100,648,20,85,46
46,KIA,100,762,19,85,46
46,KIA,100,867,269,48,24
46,ANZ,100,887,18,110,44
46,ANZ,100,1023,23,104,42
46,ROLEX,100,1048,82,25,18
46,FLY_EMIRATES,100,1157,31,75,42
46,KIA,100,1191,186,22,29
46,KIA,99,1221,206,18,28
46,KIA,98,1253,228,23,27
47,KIA,100,21,221,20,27
47,KIA,99,81,176,19,28
47,JACOBS_CREEK,100,182,21,94,44
47,IBM,100,214,104,48,21
47,FLY_EMIRATES,100,301,19,88,41
47,KIA,100,354,266,48,24
47,KIA,100,420,20,90,43
47,MELBOURNE,100,477,619,311,36
47,KIA,100,536,19,84,44
47,KIA,100,647,19,85,45
47,KIA,100,764,18,83,45
47,KIA,100,868,269,48,24
47,ANZ,100,888,18,113,42
47,ANZ,100,1024,20,104,42
47,ROLEX,100,1050,82,26,17
47,FLY_EMIRATES,100,1161,30,74,42
47,KIA,99,1193,184,24,28
47,KIA,100,1222,204,21,29
47,KIA,100,1257,227,22,28
48,KIA,100,18,220,21,27
48,KIA,99,78,174,20,29
48,JACOBS_CREEK,100,182,19,92,43
48,IBM,99,210,102,53,22
48,FLY_EMIRATES,100,300,18,90,42
48,KIA,100,352,266,49,24
48,KIA,100,419,18,90,44
48,MELBOURNE,100,476,620,316,37
48,KIA,100,536,18,84,45
48,KIA,100,647,18,85,45
48,KIA,100,764,17,84,45
48,KIA,100,868,269,48,23
48,ANZ,100,886,14,116,46
48,ANZ,100,1023,18,113,45
48,ROLEX,100,1052,80,26,18
48,FLY_EMIRATES,100,1163,29,74,42
48,KIA,100,1196,184,22,29
48,KIA,99,1225,204,21,28
48,KIA,100,1259,226,20,29
49,KIA,100,18,220,21,27
49,KIA,99,78,174,20,29
49,JACOBS_CREEK,100,182,19,92,43
49,IBM,99,210,102,53,22
49,FLY_EMIRATES,100,300,18,90,42
49,KIA,100,352,265,48,25
49,KIA,100,419,18,90,44
49,MELBOURNE,100,477,618,312,38
49,KIA,100,536,17,85,45
49,KIA,100,647,17,86,45
49,KIA,100,764,17,84,46
49,KIA,100,868,269,48,23
49,ANZ,100,885,14,119,46
49,ANZ,100,1022,18,113,45
49,ROLEX,100,1052,80,26,18
49,FLY_EMIRATES,100,1164,29,74,42
49,KIA,100,1196,184,22,29
49,KIA,99,1224,204,21,27
49,KIA,100,1259,226,20,29
50,KIA,100,18,220,21,27
50,KIA,100,78,174,19,28
50,JACOBS_CREEK,100,181,19,93,43
50,IBM,99,210,102,53,22
50,FLY_EMIRATES,100,299,18,90,41
50,KIA,100,352,265,49,25
50,KIA,100,420,18,90,43
50,MELBOURNE,100,479,618,307,38
50,KIA,100,535,17,85,45
50,KIA,100,648,17,86,45
50,KIA,100,764,17,84,46
50,KIA,100,868,269,49,23
50,ANZ,100,886,14,118,46
50,ANZ,100,1023,17,113,46
50,ROLEX,100,1052,79,26,18
50,FLY_EMIRATES,100,1164,29,74,42
50,KIA,100,1196,183,22,29
50,KIA,100,1225,204,21,27
50,KIA,100,1259,226,20,29
51,KIA,100,18,220,21,27
51,KIA,100,78,174,19,29
51,JACOBS_CREEK,100,181,19,92,44
51,IBM,100,210,102,54,22
51,FLY_EMIRATES,100,299,18,89,41
51,KIA,100,353,265,48,25
51,KIA,100,420,18,89,43
51,MELBOURNE,100,474,617,315,40
51,KIA,100,535,18,84,45
51,KIA,100,649,18,84,45
51,KIA,100,765,17,81,45
51,KIA,100,868,269,49,23
51,ANZ,100,886,14,117,45
51,ANZ,100,1023,17,114,46
51,ROLEX,100,1052,79,26,18
51,FLY_EMIRATES,100,1164,28,74,42
51,KIA,100,1196,183,22,29
51,KIA,100,1225,204,21,27
51,KIA,100,1259,226,20,29
52,KIA,100,17,220,22,27
52,KIA,100,78,174,19,28
52,JACOBS_CREEK,100,181,19,93,43
52,IBM,99,210,102,54,22
52,FLY_EMIRATES,100,299,18,89,41
52,KIA,100,353,265,48,25
52,KIA,100,420,18,90,43
52,MELBOURNE,100,478,619,309,37
52,KIA,100,536,17,85,45
52,KIA,100,648,17,85,45
52,KIA,100,764,17,84,45
52,KIA,100,868,269,49,23
52,ANZ,100,886,14,118,46
52,ANZ,100,1023,17,113,46
52,ROLEX,100,1052,79,26,18
52,FLY_EMIRATES,100,1165,28,74,42
52,KIA,100,1196,183,22,29
52,KIA,100,1225,204,21,27
52,KIA,100,1259,226,20,29
53,KIA,100,17,220,22,27
53,KIA,100,78,174,19,28
53,JACOBS_CREEK,100,181,18,92,44
53,IBM,99,210,102,53,22
53,FLY_EMIRATES,100,299,18,90,41
53,KIA,100,353,265,48,25
53,KIA,100,420,18,89,43
53,MELBOURNE,100,476,621,318,35
53,KIA,100,535,17,86,45
53,KIA,100,648,17,85,45
53,KIA,100,764,17,84,46
53,KIA,100,868,269,49,23
53,ANZ,100,885,14,119,46
53,ANZ,100,1022,17,114,46
53,ROLEX,100,1052,79,26,18
53,FLY_EMIRATES,100,1165,28,74,42
53,KIA,100,1196,183,22,29
53,KIA,100,1224,204,21,27
53,KIA,100,1259,226,20,29
54,KIA,100,26,222,21,27
54,KIA,100,86,177,18,27
54,JACOBS_CREEK,100,183,23,99,43
54,IBM,100,217,105,47,20
54,FLY_EMIRATES,100,304,24,88,38
54,KIA,100,356,267,48,24
54,KIA,100,421,22,89,44
54,MELBOURNE,100,474,619,317,32
54,KIA,100,535,22,85,45
54,KIA,100,647,21,86,46
54,KIA,100,761,21,86,46
54,KIA,100,866,269,48,24
54,ANZ,100,887,20,109,42
54,ANZ,100,1022,24,104,41
54,ROLEX,100,1048,84,25,18
54,FLY_EMIRATES,100,1157,33,70,42
54,KIA,100,1190,185,22,29
54,KIA,100,1219,205,18,30
54,KIA,99,1250,227,24,29
55,KIA,100,17,220,22,27
55,KIA,100,78,174,19,28
55,JACOBS_CREEK,100,181,18,92,43
55,IBM,99,210,102,53,22
55,FLY_EMIRATES,100,300,18,90,41
55,KIA,100,353,265,48,25
55,KIA,100,420,18,89,43
55,MELBOURNE,100,479,619,312,38
55,KIA,100,535,17,85,45
55,KIA,100,648,17,86,45
55,KIA,100,764,17,84,45
55,KIA,100,868,269,49,23
55,ANZ,100,885,14,119,46
55,ANZ,100,1022,17,114,46
55,ROLEX,100,1052,79,27,18
55,FLY_EMIRATES,100,1165,28,74,42
55,KIA,100,1196,183,23,29
55,KIA,100,1225,204,21,27
55,KIA,100,1259,226,20,29
56,KIA,100,18,220,21,27
56,KIA,100,78,175,19,28
56,JACOBS_CREEK,100,181,19,92,43
56,IBM,98,209,102,54,21
56,FLY_EMIRATES,100,299,18,90,42
56,KIA,100,353,266,48,25
56,KIA,100,420,18,90,43
56,MELBOURNE,100,472,621,322,34
56,KIA,100,535,17,86,45
56,KIA,100,647,18,87,45
56,KIA,100,764,17,85,45
56,KIA,100,868,269,49,23
56,ANZ,100,885,13,119,47
56,ANZ,100,1022,17,114,46
56,ROLEX,100,1052,80,26,18
56,FLY_EMIRATES,100,1164,28,74,43
56,KIA,100,1196,183,23,29
56,KIA,99,1224,204,21,27
56,KIA,100,1259,226,20,29
57,KIA,100,18,221,21,26
57,KIA,100,78,175,19,28
57,JACOBS_CREEK,100,181,19,92,44
57,IBM,99,209,102,55,21
57,FLY_EMIRATES,100,299,18,90,42
57,KIA,100,353,266,48,25
57,KIA,100,420,18,89,43
57,MELBOURNE,100,476,619,316,36
57,KIA,100,535,18,85,45
57,KIA,100,647,18,86,45
57,KIA,100,764,17,85,45
57,KIA,100,869,268,48,24
57,ANZ,100,885,13,119,47
57,ANZ,100,1022,18,114,46
57,ROLEX,100,1052,80,26,18
57,FLY_EMIRATES,100,1164,28,75,43
57,KIA,100,1196,184,22,29
57,KIA,99,1224,204,21,27
57,KIA,100,1259,226,20,29
58,KIA,100,18,221,21,27
58,KIA,100,78,175,19,28
58,JACOBS_CREEK,100,181,19,92,44
58,IBM,99,209,102,55,21
58,FLY_EMIRATES,100,299,18,90,42
58,KIA,100,353,266,48,25
58,KIA,100,420,18,89,43
58,MELBOURNE,100,475,620,316,35
58,KIA,100,535,18,85,45
58,KIA,100,647,18,86,44
58,KIA,100,763,17,86,45
58,KIA,100,869,268,48,24
58,ANZ,100,885,13,119,47
58,ANZ,100,1022,18,113,46
58,ROLEX,100,1052,80,26,18
58,FLY_EMIRATES,100,1164,28,74,43
58,KIA,100,1196,183,23,29
58,KIA,99,1224,204,21,27
58,KIA,100,1259,226,21,29
59,KIA,100,18,221,22,27
59,KIA,100,79,175,19,28
59,JACOBS_CREEK,100,180,19,93,43
59,IBM,99,209,102,55,21
59,FLY_EMIRATES,100,299,18,90,41
59,KIA,100,353,265,48,25
59,KIA,100,420,18,89,43
59,MELBOURNE,100,475,621,316,33
59,KIA,100,536,18,84,44
59,KIA,100,647,18,85,44
59,KIA,100,764,17,84,45
59,KIA,100,869,268,48,24
59,ANZ,100,885,13,119,47
59,ANZ,100,1023,18,113,46
59,ROLEX,100,1052,80,26,18
59,FLY_EMIRATES,100,1164,28,74,43
59,KIA,100,1196,183,23,29
59,KIA,99,1224,204,21,27
59,KIA,100,1259,226,21,29
60,KIA,100,18,221,21,27
60,KIA,100,78,175,19,28
60,JACOBS_CREEK,100,180,19,92,44
60,IBM,99,209,102,55,21
60,FLY_EMIRATES,100,299,18,90,41
60,KIA,100,352,266,48,25
60,KIA,100,420,18,89,43
60,MELBOURNE,100,475,621,315,34
60,KIA,100,535,18,85,45
60,KIA,100,647,18,86,45
60,KIA,100,764,17,85,45
60,KIA,100,868,269,49,23
60,ANZ,100,885,14,119,47
60,ANZ,100,1022,18,114,46
60,ROLEX,100,1052,80,26,18
60,FLY_EMIRATES,100,1165,29,73,42
60,KIA,100,1196,183,23,29
60,KIA,99,1224,204,21,28
60,KIA,100,1259,226,21,29
61,KIA,100,18,221,21,26
61,KIA,100,78,175,19,28
61,JACOBS_CREEK,100,180,19,93,44
61,IBM,99,209,102,55,22
61,FLY_EMIRATES,100,299,18,89,42
61,KIA,100,352,266,48,25
61,KIA,100,420,18,90,43
61,MELBOURNE,100,477,620,314,34
61,KIA,100,535,17,86,45
61,KIA,100,647,18,86,45
61,KIA,100,764,17,85,46
61,KIA,100,868,269,49,23
61,ANZ,100,885,13,119,47
61,ANZ,100,1022,18,114,46
61,ROLEX,100,1052,80,26,18
61,FLY_EMIRATES,100,1165,28,73,42
61,KIA,100,1196,183,23,29
61,KIA,99,1224,203,21,28
61,KIA,100,1259,226,21,29
62,KIA,100,18,221,22,26
62,KIA,100,78,175,19,28
62,JACOBS_CREEK,100,180,19,93,44
62,IBM,99,209,102,55,21
62,FLY_EMIRATES,100,299,18,89,41
62,KIA,100,352,265,49,25
62,KIA,100,419,18,90,43
62,MELBOURNE,100,478,622,310,33
62,KIA,100,535,17,86,45
62,KIA,100,648,17,86,45
62,KIA,100,764,17,85,46
62,KIA,100,868,269,49,23
62,ANZ,100,885,14,119,47
62,ANZ,100,1022,18,114,46
62,ROLEX,100,1052,80,26,17
62,FLY_EMIRATES,100,1165,29,73,42
62,KIA,100,1196,183,23,29
62,KIA,100,1224,203,21,28
62,KIA,100,1259,226,21,29
63,KIA,100,18,221,21,26
63,KIA,100,79,175,19,28
63,JACOBS_CREEK,100,180,19,93,43
63,IBM,99,209,102,55,21
63,FLY_EMIRATES,100,299,18,89,41
63,KIA,100,352,265,49,25
63,KIA,100,419,18,90,43
63,MELBOURNE,100,476,620,311,35
63,KIA,100,535,17,86,45
63,KIA,100,647,18,86,45
63,KIA,100,764,17,85,45
63,KIA,100,868,269,49,23
63,ANZ,100,885,14,120,47
63,ANZ,100,1022,18,114,46
63,ROLEX,100,1052,80,26,18
63,FLY_EMIRATES,100,1165,29,73,42
63,KIA,100,1196,183,23,29
63,KIA,100,1224,203,21,28
63,KIA,100,1259,225,20,29
64,KIA,100,18,221,21,26
64,KIA,100,79,175,19,28
64,JACOBS_CREEK,100,180,19,93,44
64,IBM,99,209,102,55,21
64,FLY_EMIRATES,100,299,18,89,41
64,KIA,100,352,265,49,25
64,KIA,100,420,18,90,43
64,MELBOURNE,100,481,621,304,33
64,KIA,100,535,18,85,45
64,KIA,100,647,18,86,45
64,KIA,100,764,17,85,45
64,KIA,100,868,269,49,23
64,ANZ,100,885,14,119,46
64,ANZ,100,1022,18,114,46
64,ROLEX,100,1052,80,26,18
64,FLY_EMIRATES,100,1165,29,73,42
64,KIA,100,1196,183,23,29
64,KIA,99,1225,204,21,27
64,KIA,100,1259,226,20,29
65,KIA,100,26,222,21,27
65,KIA,100,86,177,18,29
65,JACOBS_CREEK,100,184,23,97,44
65,IBM,100,217,105,47,20
65,FLY_EMIRATES,100,303,23,88,38
65,KIA,100,356,267,48,24
65,KIA,100,420,22,90,44
65,MELBOURNE,100,477,619,314,34
65,KIA,100,536,21,84,45
65,KIA,100,647,21,85,46
65,KIA,100,761,20,85,46
65,KIA,100,866,269,49,24
65,ANZ,100,887,20,110,41
65,ANZ,100,1023,25,104,41
65,ROLEX,100,1047,83,25,18
65,FLY_EMIRATES,100,1157,33,70,43
65,KIA,100,1190,186,22,29
65,KIA,100,1219,205,18,29
65,KIA,99,1249,227,24,29
66,KIA,100,17,220,21,26
66,KIA,100,79,175,19,27
66,JACOBS_CREEK,100,180,19,93,43
66,IBM,99,209,102,55,21
66,FLY_EMIRATES,100,299,18,90,41
66,KIA,100,352,265,49,25
66,KIA,100,420,18,91,43
66,MELBOURNE,100,475,619,317,38
66,KIA,100,535,17,85,45
66,KIA,100,647,18,87,45
66,KIA,100,763,17,86,46
66,KIA,100,868,269,49,23
66,ANZ,100,885,14,120,46
66,ANZ,100,1022,18,114,46
66,ROLEX,100,1052,80,26,18
66,FLY_EMIRATES,100,1165,29,73,42
66,KIA,100,1196,183,23,29
66,KIA,99,1225,204,21,27
66,KIA,100,1259,225,20,29
67,KIA,100,17,221,22,26
67,KIA,100,78,175,19,27
67,JACOBS_CREEK,100,180,19,93,43
67,IBM,99,209,102,55,21
67,FLY_EMIRATES,100,299,18,90,41
67,KIA,100,352,265,48,25
67,KIA,100,420,18,90,43
67,MELBOURNE,100,476,621,315,35
67,KIA,100,535,17,85,45
67,KIA,100,647,18,86,44
67,KIA,100,763,17,86,46
67,KIA,100,868,269,49,23
67,ANZ,100,885,14,119,46
67,ANZ,100,1022,18,114,46
67,ROLEX,100,1052,80,26,18
67,FLY_EMIRATES,100,1164,28,74,42
67,KIA,100,1196,183,23,29
67,KIA,100,1225,204,21,28
67,KIA,100,1259,225,20,29
68,KIA,100,18,221,21,26
68,KIA,100,79,175,18,27
68,JACOBS_CREEK,100,180,19,93,43
68,IBM,99,209,102,55,22
68,FLY_EMIRATES,100,299,18,90,42
68,KIA,100,352,265,49,25
68,KIA,100,420,18,90,43
68,MELBOURNE,100,476,620,316,36
68,KIA,100,535,17,85,45
68,KIA,100,647,18,86,44
68,KIA,100,763,17,86,46
68,KIA,100,868,269,49,23
68,ANZ,100,885,14,120,46
68,ANZ,100,1022,18,114,46
68,ROLEX,100,1052,80,26,18
68,FLY_EMIRATES,100,1165,28,74,42
68,KIA,100,1196,183,23,29
68,KIA,100,1224,204,21,28
68,KIA,100,1259,226,20,29
69,KIA,100,18,221,21,26
69,KIA,100,79,175,19,28
69,JACOBS_CREEK,100,180,19,93,43
69,IBM,99,209,102,54,21
69,FLY_EMIRATES,100,299,18,90,41
69,KIA,100,352,265,49,25
69,KIA,100,420,18,90,44
69,MELBOURNE,100,477,621,316,35
69,KIA,100,535,17,85,45
69,KIA,100,648,18,86,44
69,KIA,100,763,17,86,46
69,KIA,100,869,268,48,23
69,ANZ,100,885,14,120,46
69,ANZ,100,1022,18,115,45
69,ROLEX,100,1052,80,26,18
69,FLY_EMIRATES,100,1165,29,74,42
69,KIA,100,1196,183,23,29
69,KIA,100,1224,204,21,27
69,KIA,100,1259,226,20,29
70,KIA,100,17,220,22,27
70,KIA,100,79,175,19,28
70,JACOBS_CREEK,100,180,19,93,43
70,IBM,99,209,102,54,21
70,FLY_EMIRATES,100,299,18,90,41
70,KIA,100,352,265,49,25
70,KIA,100,420,18,89,43
70,MELBOURNE,100,476,619,317,39
70,KIA,100,536,17,84,45
70,KIA,100,648,18,86,44
70,KIA,100,763,17,86,45
70,KIA,100,869,268,48,23
70,ANZ,100,885,14,120,46
70,ANZ,100,1022,18,114,45
70,ROLEX,100,1053,80,26,18
70,FLY_EMIRATES,100,1165,29,73,42
70,KIA,100,1196,183,23,30
70,KIA,100,1225,204,20,27
70,KIA,100,1259,226,20,29
71,KIA,100,17,220,22,27
71,KIA,100,78,175,19,28
71,JACOBS_CREEK,100,180,19,93,43
71,IBM,99,209,102,54,21
71,FLY_EMIRATES,100,299,18,90,41
71,KIA,100,352,265,49,25
71,KIA,100,420,18,90,43
71,MELBOURNE,100,476,621,313,35
71,KIA,100,535,17,85,45
71,KIA,100,648,18,86,44
71,KIA,100,763,17,87,46
71,KIA,100,868,269,49,23
71,ANZ,100,885,14,120,47
71,ANZ,100,1022,18,115,46
71,ROLEX,100,1052,80,26,18
71,FLY_EMIRATES,100,1165,28,73,42
71,KIA,100,1196,183,23,30
71,KIA,100,1225,204,20,27
71,KIA,100,1259,226,20,29
72,KIA,100,17,220,21,27
72,KIA,100,79,175,19,27
72,JACOBS_CREEK,100,180,19,93,43
72,IBM,99,209,102,55,22
72,FLY_EMIRATES,100,299,18,90,42
72,KIA,100,352,265,49,25
72,KIA,100,419,18,91,43
72,MELBOURNE,100,478,620,312,35
72,KIA,100,535,17,85,45
72,KIA,100,648,17,86,44
72,KIA,100,763,17,87,46
72,KIA,100,868,269,48,23
72,ANZ,100,885,14,119,47
72,ANZ,100,1023,17,113,46
72,ROLEX,100,1053,80,26,18
72,FLY_EMIRATES,100,1165,29,74,42
72,KIA,100,1196,183,23,30
72,KIA,100,1225,204,20,28
72,KIA,100,1259,226,20,29
73,KIA,100,17,220,22,27
73,KIA,100,79,175,19,28
73,JACOBS_CREEK,100,180,19,94,43
73,IBM,99,209,102,54,21
73,FLY_EMIRATES,100,299,18,90,41
73,KIA,100,352,265,48,24
73,KIA,100,419,18,91,43
73,MELBOURNE,100,474,616,319,42
73,KIA,100,535,17,86,45
73,KIA,100,648,17,86,45
73,KIA,100,762,16,88,46
73,KIA,100,868,269,49,23
73,ANZ,100,885,14,120,46
73,ANZ,100,1022,17,115,47
73,ROLEX,100,1053,79,26,18
73,FLY_EMIRATES,100,1165,29,72,42
73,KIA,100,1195,182,24,30
73,KIA,100,1225,203,21,28
73,KIA,100,1259,226,20,29
74,JACOBS_CREEK,99,125,382,327,67
74,JACOBS_CREEK,100,234,4,239,210
74,JACOBS_CREEK,99,519,386,311,44
74,JACOBS_CREEK,99,706,9,231,204
74,IBM,100,1000,384,164,76
75,JACOBS_CREEK,100,114,393,323,59
75,JACOBS_CREEK,99,215,8,254,217
75,JACOBS_CREEK,99,446,385,297,50
75,JACOBS_CREEK,100,683,18,258,201
75,IBM,100,989,390,169,83
76,KIA,100,18,220,21,27
76,KIA,100,78,175,19,28
76,JACOBS_CREEK,100,181,19,92,43
76,IBM,98,209,102,54,21
76,FLY_EMIRATES,100,299,18,90,42
76,KIA,100,353,266,48,25
76,KIA,100,420,18,90,43
76,MELBOURNE,100,472,621,322,34
76,KIA,100,535,17,86,45
76,KIA,100,647,18,87,45
76,KIA,100,764,17,85,45
76,KIA,100,868,269,49,23
76,ANZ,100,885,13,119,47
76,ANZ,100,1022,17,114,46
76,ROLEX,100,1052,80,26,18
76,FLY_EMIRATES,100,1164,28,74,43
76,KIA,100,1196,183,23,29
76,KIA,99,1224,204,21,27
76,KIA,100,1259,226,20,29
77,JACOBS_CREEK,100,84,396,313,65
77,JACOBS_CREEK,100,185,31,267,140
77,JACOBS_CREEK,99,481,399,287,39
77,JACOBS_CREEK,100,648,45,273,129
77,IBM,100,963,398,157,75
77,JACOBS_CREEK,76,1091,35,170,127
78,JACOBS_CREEK,100,19,397,322,60
78,JACOBS_CREEK,100,107,32,283,131
78,JACOBS_CREEK,99,416,398,285,40
78,JACOBS_CREEK,100,583,44,273,125
78,IBM,100,898,400,158,76
78,JACOBS_CREEK,100,1062,27,207,135
79,NIKE,99,378,456,37,22
79,NIKE,99,590,456,24,19
79,NIKE,100,694,173,20,20
80,NIKE,99,502,458,38,28
80,NIKE,100,702,436,22,25
80,NIKE,100,778,143,22,26
80,KIA,100,861,349,346,295
81,KIA,99,20,224,19,28
81,KIA,100,76,180,21,27
81,JACOBS_CREEK,100,185,21,92,47
81,IBM,100,217,107,43,20
81,FLY_EMIRATES,100,301,24,90,39
81,KIA,100,354,270,49,24
81,KIA,100,419,22,92,44
81,MELBOURNE,100,474,626,320,32
81,KIA,100,534,22,89,46
81,KIA,100,649,22,88,45
81,KIA,100,763,21,89,46
81,KIA,100,868,272,52,24
81,ANZ,100,893,23,107,41
81,ANZ,100,1025,24,109,44
81,ROLEX,100,1057,84,24,18
81,FLY_EMIRATES,100,1165,32,75,42
81,KIA,99,1199,187,20,27
81,KIA,99,1229,207,20,28
81,KIA,82,1261,233,18,25
82,KIA,99,20,224,19,28
82,KIA,100,76,180,20,27
82,JACOBS_CREEK,100,185,21,92,48
82,IBM,100,217,107,43,20
82,FLY_EMIRATES,100,301,24,90,39
82,KIA,100,354,270,48,24
82,KIA,100,419,22,92,44
82,MELBOURNE,100,472,627,321,32
82,KIA,100,534,22,89,46
82,KIA,100,649,22,88,45
82,KIA,100,763,21,89,46
82,KIA,100,868,272,52,24
82,ANZ,100,893,23,107,41
82,ANZ,100,1026,24,108,43
82,ROLEX,100,1057,84,24,18
82,FLY_EMIRATES,100,1165,32,76,42
82,KIA,99,1199,187,19,27
82,KIA,100,1228,207,21,28
82,KIA,84,1261,233,18,25
83,KIA,99,20,224,19,28
83,KIA,100,76,180,21,26
83,JACOBS_CREEK,100,185,21,92,47
83,IBM,100,217,107,43,20
83,FLY_EMIRATES,100,301,24,90,39
83,KIA,100,354,270,48,24
83,KIA,100,419,22,92,45
83,MELBOURNE,100,475,626,316,33
83,KIA,100,534,21,89,46
83,KIA,100,648,21,89,45
83,KIA,100,763,20,89,46
83,KIA,100,868,272,52,24
83,ANZ,100,893,23,108,41
83,ANZ,100,1025,24,109,43
83,ROLEX,100,1057,84,24,18
83,FLY_EMIRATES,100,1165,32,75,42
83,KIA,99,1199,187,20,27
83,KIA,100,1228,207,20,28
83,KIA,89,1261,233,18,25
84,KIA,100,20,224,19,29
84,KIA,100,76,180,21,27
84,JACOBS_CREEK,100,185,21,92,47
84,IBM,100,217,107,43,20
84,FLY_EMIRATES,100,301,23,90,39
84,KIA,100,354,270,49,24
84,KIA,100,419,22,92,45
84,MELBOURNE,100,476,626,316,33
84,KIA,100,534,21,88,46
84,KIA,100,649,21,88,46
84,KIA,100,763,20,89,47
84,KIA,100,868,272,52,24
84,ANZ,100,893,23,108,41
84,ANZ,100,1025,24,110,43
84,ROLEX,100,1057,84,24,18
84,FLY_EMIRATES,100,1166,33,74,42
84,KIA,99,1199,187,20,27
84,KIA,100,1229,207,20,28
84,KIA,93,1261,233,18,25
85,KIA,100,21,224,19,29
85,KIA,100,76,180,21,27
85,JACOBS_CREEK,100,185,21,92,47
85,IBM,100,217,107,43,20
85,FLY_EMIRATES,100,301,23,90,39
85,KIA,100,353,270,49,24
85,KIA,100,419,22,92,45
85,MELBOURNE,100,476,626,315,33
85,KIA,100,534,22,88,47
85,KIA,100,649,21,88,45
85,KIA,100,763,21,88,47
85,KIA,100,868,272,51,24
85,ANZ,100,893,22,107,41
85,ANZ,100,1025,24,110,43
85,ROLEX,100,1057,84,24,18
85,FLY_EMIRATES,100,1165,33,74,42
85,KIA,99,1198,187,20,27
85,KIA,100,1228,207,21,28
85,KIA,94,1260,233,18,25
86,KIA,100,20,224,20,29
86,KIA,100,76,179,21,28
86,JACOBS_CREEK,100,184,22,93,47
86,IBM,100,217,107,42,20
86,FLY_EMIRATES,100,301,24,90,39
86,KIA,100,353,270,49,24
86,KIA,100,419,22,92,44
86,MELBOURNE,100,475,626,317,32
86,KIA,100,534,22,89,47
86,KIA,100,649,21,88,46
86,KIA,100,763,21,89,47
86,KIA,100,868,272,51,24
86,ANZ,100,893,22,107,41
86,ANZ,100,1025,24,110,44
86,ROLEX,100,1057,84,24,18
86,FLY_EMIRATES,100,1165,33,75,42
86,KIA,100,1198,186,20,27
86,KIA,100,1228,207,21,28
86,KIA,95,1260,233,18,25
87,KIA,100,17,221,22,26
87,KIA,100,78,175,19,27
87,JACOBS_CREEK,100,180,19,93,43
87,IBM,99,209,102,55,21
87,FLY_EMIRATES,100,299,18,90,41
87,KIA,100,352,265,48,25
87,KIA,100,420,18,90,43
87,MELBOURNE,100,476,621,315,35
87,KIA,100,535,17,85,45
87,KIA,100,647,18,86,44
87,KIA,100,763,17,86,46
87,KIA,100,868,269,49,23
87,ANZ,100,885,14,119,46
87,ANZ,100,1022,18,114,46
87,ROLEX,100,1052,80,26,18
87,FLY_EMIRATES,100,1164,28,74,42
87,KIA,100,1196,183,23,29
87,KIA,100,1225,204,21,28
87,KIA,100,1259,225,20,29
88,KIA,100,20,224,20,28
88,KIA,100,77,180,21,28
88,JACOBS_CREEK,100,184,22,93,47
88,IBM,100,217,107,42,20
88,FLY_EMIRATES,100,300,24,90,39
88,KIA,100,353,270,49,24
88,KIA,100,419,22,92,45
88,MELBOURNE,100,475,626,317,33
88,KIA,100,533,22,89,46
88,KIA,100,649,21,88,46
88,KIA,100,763,20,89,47
88,KIA,100,868,272,51,24
88,ANZ,100,893,22,107,41
88,ANZ,100,1025,24,110,44
88,ROLEX,100,1057,84,24,18
88,FLY_EMIRATES,100,1165,32,74,42
88,KIA,100,1198,187,21,27
88,KIA,100,1228,207,20,28
88,KIA,97,1260,232,19,26
89,KIA,100,20,224,20,28
89,KIA,100,76,180,21,28
89,JACOBS_CREEK,100,184,21,93,47
89,IBM,100,217,106,42,20
89,FLY_EMIRATES,100,300,24,91,38
89,KIA,100,353,270,49,24
89,KIA,100,419,22,92,44
89,MELBOURNE,100,474,626,318,33
89,KIA,100,534,22,89,46
89,KIA,100,649,21,88,46
89,KIA,100,763,21,89,47
89,KIA,100,868,272,52,24
89,ANZ,100,894,22,106,41
89,ANZ,100,1025,24,110,44
89,ROLEX,100,1057,84,24,18
89,FLY_EMIRATES,100,1165,32,75,42
89,KIA,100,1198,187,21,27
89,KIA,100,1228,207,20,28
89,KIA,96,1260,232,19,26
90,KIA,100,20,224,20,28
90,KIA,100,76,180,20,27
90,JACOBS_CREEK,100,185,21,93,47
90,IBM,100,218,107,42,20
90,FLY_EMIRATES,100,301,24,90,38
90,KIA,100,353,270,49,24
90,KIA,100,419,22,91,44
90,MELBOURNE,100,473,626,320,34
90,KIA,100,534,22,89,46
90,KIA,100,649,21,87,46
90,KIA,100,763,21,89,47
90,KIA,100,868,272,52,24
90,ANZ,100,893,22,106,41
90,ANZ,100,1025,24,110,44
90,ROLEX,100,1057,84,24,18
90,FLY_EMIRATES,100,1166,32,75,42
90,KIA,100,1198,186,21,27
90,KIA,100,1228,208,20,28
90,KIA,97,1260,232,19,26
91,KIA,100,20,224,20,28
91,KIA,100,76,180,21,28
91,JACOBS_CREEK,100,184,21,93,47
91,IBM,100,217,106,43,21
91,FLY_EMIRATES,100,300,24,91,38
91,KIA,100,353,270,49,24
91,KIA,100,419,22,91,44
91,MELBOURNE,100,473,626,318,34
91,KIA,100,534,22,89,46
91,KIA,100,649,21,87,46
91,KIA,100,762,20,90,47
91,KIA,100,868,272,52,24
91,ANZ,100,893,22,106,41
91,ANZ,100,1025,24,110,44
91,ROLEX,100,1057,84,24,18
91,FLY_EMIRATES,100,1165,33,75,42
91,KIA,100,1197,186,23,28
91,KIA,100,1228,207,21,28
91,KIA,97,1260,232,19,27
92,KIA,100,20,224,20,28
92,KIA,100,77,180,21,28
92,JACOBS_CREEK,100,184,21,93,47
92,IBM,100,217,106,43,21
92,FLY_EMIRATES,100,301,24,91,39
92,KIA,100,353,270,49,24
92,KIA,100,419,22,91,44
92,MELBOURNE,100,474,626,317,33
92,KIA,100,534,22,89,46
92,KIA,100,650,21,87,45
92,KIA,100,762,20,90,47
92,KIA,100,868,272,52,24
92,ANZ,100,893,22,107,41
92,ANZ,100,1025,24,110,44
92,ROLEX,100,1057,84,24,18
92,FLY_EMIRATES,100,1166,33,75,42
92,KIA,100,1197,186,23,28
92,KIA,100,1228,207,21,28
92,KIA,97,1260,232,19,27
93,KIA,100,20,224,20,28
93,KIA,100,76,180,20,28
93,JACOBS_CREEK,100,184,21,93,47
93,IBM,100,217,107,42,20
93,FLY_EMIRATES,100,301,24,90,39
93,KIA,100,353,270,49,24
93,KIA,100,419,22,91,44
93,MELBOURNE,100,474,626,318,33
93,KIA,100,534,22,88,46
93,KIA,100,649,21,87,45
93,KIA,100,763,20,90,47
93,KIA,100,868,272,52,24
93,ANZ,100,893,21,107,42
93,ANZ,100,1025,24,110,44
93,ROLEX,100,1057,84,24,18
93,FLY_EMIRATES,100,1166,32,75,43
93,KIA,100,1197,186,23,28
93,KIA,100,1228,207,21,28
93,KIA,97,1260,232,19,26
94,KIA,100,20,224,20,29
94,KIA,100,76,180,21,28
94,JACOBS_CREEK,100,184,22,93,47
94,IBM,100,217,107,43,20
94,FLY_EMIRATES,100,301,24,91,38
94,KIA,100,353,270,49,24
94,KIA,100,419,22,91,44
94,MELBOURNE,100,475,626,319,33
94,KIA,100,534,22,89,46
94,KIA,100,649,21,87,45
94,KIA,100,763,20,89,47
94,KIA,100,868,272,53,24
94,ANZ,100,892,22,108,41
94,ANZ,100,1024,24,111,44
94,ROLEX,100,1057,84,24,17
94,FLY_EMIRATES,100,1166,32,74,43
94,KIA,100,1197,186,23,28
94,KIA,100,1228,207,20,28
94,KIA,97,1260,232,19,26
95,KIA,100,20,224,20,29
95,KIA,100,77,180,20,28
95,JACOBS_CREEK,100,184,22,93,47
95,IBM,100,217,107,43,20
95,FLY_EMIRATES,100,301,24,90,38
95,KIA,100,353,270,49,24
95,KIA,100,419,23,90,44
95,MELBOURNE,100,476,626,310,32
95,KIA,100,534,22,88,46
95,KIA,100,649,22,87,45
95,KIA,100,763,21,89,46
95,KIA,100,868,272,53,24
95,ANZ,100,893,22,108,41
95,ANZ,100,1025,24,110,44
95,ROLEX,100,1057,84,24,18
95,FLY_EMIRATES,100,1166,32,74,43
95,KIA,100,1197,186,22,28
95,KIA,100,1228,207,21,28
95,KIA,97,1260,232,19,26
96,KIA,100,20,224,20,29
96,KIA,100,76,180,21,28
96,JACOBS_CREEK,100,184,22,93,47
96,IBM,100,217,107,43,20
96,FLY_EMIRATES,100,301,24,90,38
96,KIA,100,353,270,49,24
96,KIA,100,419,22,91,44
96,MELBOURNE,100,478,625,306,34
96,KIA,100,534,22,89,46
96,KIA,100,650,21,87,45
96,KIA,100,763,20,90,47
96,KIA,100,868,272,52,24
96,ANZ,100,892,22,110,42
96,ANZ,100,1025,24,110,44
96,ROLEX,100,1057,84,24,17
96,FLY_EMIRATES,100,1166,32,74,43
96,KIA,100,1197,186,23,28
96,KIA,100,1228,207,20,28
96,KIA,97,1260,232,19,26
97,KIA,100,20,224,20,29
97,KIA,100,77,180,21,28
97,JACOBS_CREEK,100,184,22,93,47
97,IBM,100,217,107,43,20
97,FLY_EMIRATES,100,301,24,90,38
97,KIA,100,353,270,49,24
97,KIA,100,419,22,91,44
97,MELBOURNE,100,478,625,318,32
97,KIA,100,534,22,89,46
97,KIA,100,649,21,87,45
97,KIA,100,763,20,90,47
97,KIA,100,868,272,53,24
97,ANZ,100,892,22,109,41
97,ANZ,100,1024,24,111,43
97,ROLEX,100,1057,84,24,18
97,FLY_EMIRATES,100,1165,32,74,43
97,KIA,100,1197,186,23,29
97,KIA,100,1228,207,20,28
97,KIA,97,1260,232,19,27
98,JACOBS_CREEK,100,19,397,322,60
98,JACOBS_CREEK,100,107,32,283,131
98,JACOBS_CREEK,99,416,398,285,40
98,JACOBS_CREEK,100,583,44,273,125
98,IBM,100,898,400,158,76
98,JACOBS_CREEK,100,1062,27,207,135
99,KIA,100,20,224,20,29
99,KIA,100,77,180,21,28
99,JACOBS_CREEK,100,184,22,93,47
99,IBM,100,217,107,43,20
99,FLY_EMIRATES,100,301,24,90,38
99,KIA,100,353,270,49,24
99,KIA,100,419,22,91,44
99,MELBOURNE,100,475,626,317,33
99,KIA,100,534,22,88,46
99,KIA,100,649,21,87,45
99,KIA,100,763,21,89,47
99,KIA,100,868,272,53,24
99,ANZ,100,892,22,108,41
99,ANZ,100,1025,24,110,44
99,ROLEX,100,1057,84,24,17
99,FLY_EMIRATES,100,1166,32,74,43
99,KIA,100,1197,186,22,28
99,KIA,100,1228,207,21,28
99,KIA,97,1260,232,19,27
100,KIA,100,20,224,20,28
100,KIA,100,77,180,20,27
100,JACOBS_CREEK,100,184,22,93,47
100,IBM,100,217,107,43,20
100,FLY_EMIRATES,100,301,24,90,38
100,KIA,100,353,270,50,24
100,KIA,100,419,23,90,44
100,MELBOURNE,100,481,625,304,34
100,KIA,100,534,22,88,46
100,KIA,100,649,21,87,45
100,KIA,100,763,21,89,47
100,KIA,100,868,272,52,24
100,ANZ,100,892,22,109,41
100,ANZ,100,1025,24,110,43
100,ROLEX,100,1057,84,24,18
100,FLY_EMIRATES,99,1166,32,75,43
100,KIA,100,1197,186,22,28
100,KIA,100,1228,207,21,28
100,KIA,97,1260,232,19,26
101,KIA,100,20,224,20,28
101,KIA,100,77,180,20,27
101,JACOBS_CREEK,100,184,22,92,46
101,IBM,100,217,107,43,20
101,FLY_EMIRATES,100,301,24,90,38
101,KIA,100,353,270,50,24
101,KIA,100,419,23,90,44
101,MELBOURNE,100,478,625,308,35
101,KIA,100,534,22,88,46
101,KIA,100,650,21,87,45
101,KIA,100,763,20,90,46
101,KIA,100,868,272,52,24
101,ANZ,100,892,22,109,41
101,ANZ,100,1025,24,109,43
101,ROLEX,100,1057,84,24,17
101,FLY_EMIRATES,100,1165,32,74,43
101,KIA,100,1197,186,22,29
101,KIA,100,1228,207,21,29
101,KIA,97,1261,232,19,27
102,FLY_EMIRATES,99,576,388,200,86
102,MASTER_CARD,100,695,115,367,67
102,KIA,100,983,388,182,91
103,FLY_EMIRATES,97,517,398,187,74
103,MASTER_CARD,99,613,131,385,52
103,KIA,100,900,388,192,92
104,FLY_EMIRATES,100,519,401,193,81
104,MASTER_CARD,100,639,140,356,49
104,KIA,99,922,399,169,85
105,ANZ,56,5,388,91,74
105,MASTER_CARD,100,724,142,360,48
105,KIA,100,998,404,183,85
106,ANZ,99,-1,387,182,83
106,FLY_EMIRATES,96,674,406,240,86
106,MASTER_CARD,100,834,144,358,42
106,KIA,99,1100,403,182,97
107,NIKE,99,626,141,51,30
107,NIKE,99,778,479,51,30
108,NIKE,100,566,206,68,27
108,NIKE,100,742,542,67,37
109,KIA,100,20,224,20,28
109,KIA,100,76,180,21,28
109,JACOBS_CREEK,100,184,21,93,47
109,IBM,100,217,106,42,20
109,FLY_EMIRATES,100,300,24,91,38
109,KIA,100,353,270,49,24
109,KIA,100,419,22,92,44
109,MELBOURNE,100,474,626,318,33
109,KIA,100,534,22,89,46
109,KIA,100,649,21,88,46
109,KIA,100,763,21,89,47
109,KIA,100,868,272,52,24
109,ANZ,100,894,22,106,41
109,ANZ,100,1025,24,110,44
109,ROLEX,100,1057,84,24,18
109,FLY_EMIRATES,100,1165,32,75,42
109,KIA,100,1198,187,21,27
109,KIA,100,1228,207,20,28
109,KIA,96,1260,232,19,26
110,NIKE,98,758,204,95,37
110,ROLEX,56,1024,24,20,17
111,NIKE,60,741,203,61,35
111,NIKE,99,836,510,77,36
112,NIKE,90,559,558,56,24
112,NIKE,100,582,114,71,36
113,NIKE,100,521,124,73,37
113,NIKE,100,524,562,70,31
114,NIKE,100,604,576,75,33
114,NIKE,100,672,138,81,36
115,NIKE,100,624,563,73,27
115,NIKE,100,715,72,74,31
116,NIKE,99,669,627,75,31
116,NIKE,99,734,78,63,32
117,NIKE,99,740,597,67,36
117,NIKE,99,776,54,64,35
118,NIKE,100,742,558,71,30
118,NIKE,99,782,39,71,32
119,NIKE,98,676,109,59,31
119,NIKE,100,693,603,66,28
120,KIA,100,20,224,20,28
120,KIA,100,77,180,20,27
120,JACOBS_CREEK,100,184,22,93,47
120,IBM,100,217,107,43,20
120,FLY_EMIRATES,100,301,24,90,38
120,KIA,100,353,270,50,24
120,KIA,100,419,23,90,44
120,MELBOURNE,100,481,625,304,34
120,KIA,100,534,22,88,46
120,KIA,100,649,21,87,45
120,KIA,100,763,21,89,47
120,KIA,100,868,272,52,24
120,ANZ,100,892,22,109,41
120,ANZ,100,1025,24,110,43
120,ROLEX,100,1057,84,24,18
120,FLY_EMIRATES,99,1166,32,75,43
120,KIA,100,1197,186,22,28
120,KIA,100,1228,207,21,28
120,KIA,97,1260,232,19,26
121,NIKE,98,593,116,73,40
121,NIKE,100,610,528,64,31
123,KIA,87,-1,427,46,29
123,JACOBS_CREEK,100,3,370,81,47
123,FLY_EMIRATES,100,102,378,86,38
123,KIA,100,214,372,89,45
123,KIA,100,322,372,89,45
123,KIA,100,434,375,80,42
123,KIA,100,536,375,88,39
123,KIA,100,615,428,54,29
123,ANZ,100,657,379,95,37
124,KIA,90,17,424,65,31
124,JACOBS_CREEK,100,31,370,84,47
124,FLY_EMIRATES,100,133,378,87,37
124,KIA,100,246,372,84,46
124,KIA,100,350,372,85,46
124,KIA,100,460,376,78,39
124,KIA,100,565,375,76,36
124,KIA,100,634,427,57,28
124,ANZ,100,675,380,98,36
124,MASTER_CARD,100,1083,365,51,22
124,MASTER_CARD,97,1172,357,58,20
125,JACOBS_CREEK,98,-1,370,52,39
125,MELBOURNE,100,17,543,419,28
125,KIA,97,68,421,59,27
125,JACOBS_CREEK,100,80,366,84,46
125,FLY_EMIRATES,100,181,374,83,38
125,KIA,100,290,371,77,38
125,KIA,100,392,370,76,42
125,KIA,100,495,372,77,38
125,KIA,100,597,371,76,38
125,KIA,99,666,421,54,29
125,ANZ,100,703,376,100,35
125,FLY_EMIRATES,100,936,372,70,34
125,MASTER_CARD,98,1102,362,50,20
125,MASTER_CARD,98,1194,352,59,20
126,JACOBS_CREEK,99,-4,365,72,40
126,MELBOURNE,100,16,534,416,29
126,KIA,99,85,413,56,30
126,JACOBS_CREEK,100,98,361,82,43
126,FLY_EMIRATES,100,193,370,88,36
126,KIA,100,303,366,78,37
126,KIA,100,404,367,80,39
126,KIA,100,509,368,76,37
126,KIA,100,605,365,85,39
126,FLY_EMIRATES,100,948,366,73,36
126,MASTER_CARD,100,1118,358,49,20
126,MASTER_CARD,99,1208,347,58,20
127,JACOBS_CREEK,98,-4,365,73,41
127,MELBOURNE,100,22,534,406,27
127,KIA,100,88,413,56,32
127,JACOBS_CREEK,100,99,361,81,44
127,FLY_EMIRATES,100,196,370,85,36
127,KIA,100,304,366,79,37
127,KIA,100,405,366,80,40
127,KIA,100,611,366,79,36
127,KIA,100,682,416,51,27
127,ANZ,100,719,371,101,35
127,FLY_EMIRATES,100,950,367,72,34
127,MASTER_CARD,98,1118,357,53,21
127,MASTER_CARD,99,1208,348,59,20
128,JACOBS_CREEK,97,-4,365,73,40
128,MELBOURNE,100,29,531,402,28
128,KIA,100,87,413,56,32
128,JACOBS_CREEK,100,98,361,82,44
128,FLY_EMIRATES,100,193,370,90,35
128,KIA,100,402,366,88,39
128,KIA,100,611,367,77,35
128,KIA,100,683,416,50,27
128,ANZ,100,719,371,100,35
128,FLY_EMIRATES,100,950,367,73,35
128,MASTER_CARD,98,1117,357,58,20
128,MASTER_CARD,99,1208,348,60,19
129,JACOBS_CREEK,100,16,362,76,42
129,MELBOURNE,100,27,542,403,17
129,KIA,89,109,413,56,31
129,FLY_EMIRATES,100,219,369,83,33
129,KIA,100,322,366,77,38
129,KIA,100,420,366,79,40
129,KIA,100,621,366,78,36
129,KIA,100,691,415,49,27
129,ANZ,100,725,369,97,35
129,FLY_EMIRATES,100,952,366,71,35
129,MASTER_CARD,99,1118,357,53,19
129,MASTER_CARD,99,1208,347,58,20
130,MELBOURNE,100,21,534,426,18
130,FLY_EMIRATES,100,279,366,76,32
130,KIA,100,461,359,84,47
130,KIA,100,565,365,70,36
130,KIA,100,657,364,75,34
130,KIA,100,724,411,50,26
130,ANZ,100,760,369,91,32
130,FLY_EMIRATES,100,975,364,70,33
130,MASTER_CARD,100,1135,355,47,19
130,MASTER_CARD,99,1214,346,60,19
131,NIKE,60,741,203,61,35
131,NIKE,99,836,510,77,36
132,MELBOURNE,100,48,514,477,26
132,JACOBS_CREEK,97,145,359,76,42
132,FLY_EMIRATES,99,333,369,72,24
132,KIA,100,431,363,67,34
132,KIA,100,518,363,67,36
132,KIA,100,607,363,69,34
132,KIA,100,700,363,67,31
132,KIA,100,763,407,45,23
132,ANZ,100,796,365,86,31
132,FLY_EMIRATES,100,1002,362,69,33
132,MASTER_CARD,99,1151,351,54,20
132,MASTER_CARD,80,1232,345,44,15
133,MELBOURNE,100,33,514,513,25
133,KIA,26,73,26,69,32
133,JACOBS_CREEK,97,150,359,73,42
133,KIA,100,432,363,66,34
133,KIA,100,519,363,64,36
133,KIA,99,608,367,67,33
133,KIA,100,700,363,66,30
133,KIA,99,764,406,44,23
133,ANZ,100,798,364,85,32
133,FLY_EMIRATES,100,1006,362,66,33
133,MASTER_CARD,37,1151,352,53,17
133,NIKE,26,1151,352,53,17
134,MELBOURNE,100,24,514,539,25
134,JACOBS_CREEK,94,145,358,77,44
134,KIA,100,433,363,65,34
134,KIA,100,520,363,65,35
134,KIA,100,607,365,68,34
134,KIA,100,702,364,65,29
134,KIA,100,764,406,44,23
134,ANZ,100,798,365,85,32
134,FLY_EMIRATES,100,1004,361,69,33
134,MASTER_CARD,97,1151,351,55,20
134,MASTER_CARD,38,1232,345,44,16
135,MELBOURNE,100,9,515,568,22
135,JACOBS_CREEK,95,144,359,78,43
135,KIA,100,433,364,66,33
135,KIA,100,520,364,66,35
135,KIA,100,608,366,67,35
135,KIA,100,702,364,65,29
135,KIA,100,764,407,43,23
135,ANZ,100,798,366,85,32
135,FLY_EMIRATES,100,1005,361,69,33
135,MASTER_CARD,99,1152,351,52,21
135,MASTER_CARD,29,1232,345,45,16
136,MELBOURNE,100,26,512,512,23
136,JACOBS_CREEK,97,145,359,78,43
136,KIA,100,433,365,65,32
136,KIA,100,519,365,66,35
136,KIA,100,609,365,66,33
136,KIA,100,702,364,65,29
136,KIA,100,764,406,43,23
136,ANZ,100,799,366,84,32
136,FLY_EMIRATES,100,1005,361,70,34
136,MASTER_CARD,99,1151,351,53,21
137,MELBOURNE,100,28,511,522,23
137,JACOBS_CREEK,97,149,358,76,44
137,KIA,100,437,363,63,34
137,KIA,100,523,363,67,35
137,KIA,100,612,365,64,34
137,KIA,100,703,364,67,29
137,KIA,100,768,407,43,22
137,ANZ,100,801,367,85,28
137,FLY_EMIRATES,100,1007,361,70,34
137,MASTER_CARD,95,1156,350,51,22
138,MELBOURNE,100,19,511,577,22
138,JACOBS_CREEK,96,166,358,75,44
138,KIA,100,448,363,63,34
138,KIA,100,536,363,66,35
138,KIA,100,627,365,64,35
138,KIA,100,714,364,67,28
138,KIA,100,781,406,43,24
138,ANZ,100,815,366,83,30
138,FLY_EMIRATES,100,1018,360,72,34
138,MASTER_CARD,87,1167,349,55,22
139,MELBOURNE,99,35,509,580,23
139,JACOBS_CREEK,87,184,355,76,50
139,KIA,100,468,362,65,35
139,KIA,100,554,362,68,36
139,KIA,100,646,362,67,36
139,KIA,100,737,361,65,31
139,KIA,99,802,405,41,22
139,ANZ,100,833,364,84,33
139,FLY_EMIRATES,100,1041,360,73,33
139,MASTER_CARD,98,1194,347,56,23
146,MELBOURNE,99,898,430,125,207
147,MELBOURNE,98,636,424,114,215
148,KIA,100,286,32,73,41
148,KIA,100,452,43,79,47
148,MELBOURNE,100,489,433,126,211
148,JACOBS_CREEK,100,815,81,148,36
148,JACOBS_CREEK,100,993,88,144,38
148,IBM,79,1194,130,43,59
149,KIA,100,62,42,75,32
149,KIA,100,235,49,73,41
149,KIA,100,408,64,72,41
149,MELBOURNE,100,445,452,115,207
149,JACOBS_CREEK,100,766,92,151,36
149,JACOBS_CREEK,100,948,103,138,39
149,IBM,94,1144,147,39,56
150,KIA,100,66,50,74,38
150,KIA,100,235,60,75,43
150,KIA,100,410,75,75,42
150,MELBOURNE,100,449,464,114,203
150,JACOBS_CREEK,100,773,107,143,36
150,JACOBS_CREEK,100,946,115,140,38
150,IBM,99,1146,161,38,52
151,KIA,100,74,53,69,37
151,KIA,100,241,63,75,41
151,KIA,100,417,76,73,42
151,MELBOURNE,99,460,465,107,204
151,JACOBS_CREEK,100,779,108,146,37
151,JACOBS_CREEK,100,954,117,139,40
151,IBM,97,1152,162,40,52
152,KIA,100,87,51,69,37
152,KIA,100,248,60,83,46
152,KIA,100,430,76,72,42
152,MELBOURNE,100,473,462,100,210
152,JACOBS_CREEK,100,788,108,150,38
152,JACOBS_CREEK,100,963,118,143,38
152,IBM,94,1166,163,40,52
153,MELBOURNE,100,33,514,513,25
153,KIA,26,73,26,69,32
153,JACOBS_CREEK,97,150,359,73,42
153,KIA,100,432,363,66,34
153,KIA,100,519,363,64,36
153,KIA,99,608,367,67,33
153,KIA,100,700,363,66,30
153,KIA,99,764,406,44,23
153,ANZ,100,798,364,85,32
153,FLY_EMIRATES,100,1006,362,66,33
153,MASTER_CARD,37,1151,352,53,17
153,NIKE,26,1151,352,53,17
154,KIA,100,109,47,68,39
154,KIA,100,274,61,74,42
154,KIA,100,450,75,72,42
154,MELBOURNE,98,499,464,89,206
154,JACOBS_CREEK,100,810,109,143,36
154,JACOBS_CREEK,100,995,119,137,33
154,IBM,95,1185,162,41,54
155,ROLEX,100,435,327,184,121
155,FLY_EMIRATES,44,915,-18,343,258
155,ANZ,99,1017,532,258,112
155,KIA,74,1089,125,20,27
156,ANZ,91,30,-35,526,285
156,ROLEX,100,365,337,195,120
156,FLY_EMIRATES,89,849,-9,410,257
156,ANZ,100,942,519,333,129
157,ANZ,80,79,-23,438,259
157,FLY_EMIRATES,40,79,-23,438,259
157,ROLEX,100,294,353,172,114
157,FLY_EMIRATES,88,766,-11,498,268
157,ANZ,100,868,525,322,134
